algo,tempsAttenteMoyen,tempsReponseMoyen,makespan
ROUND ROBIN,0.3333333333333333,10.0,16
FIFO,1.6666666666666667,10.333333333333334,15
