algo,tempsAttenteMoyen,tempsReponseMoyen,makespan
ROUND ROBIN,1.6666666666666667,14.0,19
FIFO,6.666666666666667,13.0,19
PRIORITE,7.666666666666667,14.0,19
